day,tp,fp,fn,tn,precision,recall,f1,fpr
0,50,23,0,27,0.684931506849315,1.0,0.8130081300813007,0.46
1,49,38,1,12,0.5632183908045977,0.98,0.7153284671532847,0.76
2,45,29,5,21,0.6081081081081081,0.9,0.7258064516129032,0.58
3,46,31,4,19,0.5974025974025974,0.92,0.7244094488188978,0.62
overall,190,121,10,79,0.6109324758842444,0.95,0.7436399217221136,0.605
any,91,7,0,2,0.9285714285714286,1.0,0.962962962962963,0.7777777777777778
