gene,betahat,sebetahat,w0,w1,w2,w3
GeneA,0.01859779522610188,0.2185009635791735,0.25,0.25,0.25,0.25
GeneB,-0.0008091459286788449,0.24129386657218843,0.25,0.25,0.25,0.25
GeneC,-0.19377401433721797,0.2129347912703464,0.25,0.25,0.25,0.25
