gene,betahat,sebetahat,w0,w1,w2,w3
GeneA,0.01375464573518002,0.19855949032702264,0.25,0.25,0.25,0.25
GeneB,0.019082213425856025,0.21901811053950532,0.25,0.25,0.25,0.25
GeneC,-0.16753364033899878,0.19809129446250306,0.25,0.25,0.25,0.25
