gene,betahat,sebetahat,w0,w1,w2,w3,postmean,postsd,lfsr,qvalue
GeneA,0.0185977952261019,0.218500963579174,0.25,0.25,0.25,0.25,0.000680637159802346,0.0418004015465673,0.493504298234142,0
GeneB,-0.000809145928678845,0.241293866572188,0.25,0.25,0.25,0.25,-2.44436246522606e-05,0.0419387671139704,0.499767480174574,0
GeneC,-0.193774014337218,0.212934791270346,0.25,0.25,0.25,0.25,-0.00745284670527761,0.0417599483003963,0.429177421776087,0
