guide,gene,betahat_d0,betahat_d1,betahat_d2,betahat_d3,se_d0,se_d1,se_d2,se_d3
g1,GeneA,-0.013959735,-0.002840418,0.03374943,-0.11287428,0.2309336,0.31847686,0.38266817,0.51187927
g2,GeneB,0.27390176,0.2180901,0.123819344,-0.032359026,0.2743783,0.33057877,0.38717905,0.52721995
g3,GeneC,-0.24879245,-0.49144375,-0.49425125,-0.4688289,0.2713743,0.35469416,0.3855287,0.45468688
