gene,betahat,sebetahat,w0,w1,w2,w3,postmean,postsd,lfsr,qvalue,hit
GeneC,-0.193774014337218,0.212934791270346,0.25,0.25,0.25,0.25,-0.0074528467052776,0.0417599483003963,0.429177421776087,0,False
GeneA,0.0185977952261019,0.218500963579174,0.25,0.25,0.25,0.25,0.0006806371598023,0.0418004015465673,0.493504298234142,0,False
GeneB,-0.0008091459286788,0.241293866572188,0.25,0.25,0.25,0.25,-2.44436246522606e-05,0.0419387671139704,0.499767480174574,0,False
