gene,betahat,sebetahat,w0,w1,w2,w3,postmean,postsd,lfsr,qvalue,hit
GeneA,0.01375464573518,0.198559490327023,0.25,0.25,0.25,0.25,-0.0389138585747551,0.0228064426716559,0,0,True
GeneB,0.019082213425856,0.219018110539505,0.25,0.25,0.25,0.25,-0.03898089474318,0.0228184190800796,0,0,True
GeneC,-0.167533640338999,0.198091294462503,0.25,0.25,0.25,0.25,-0.041312853674736,0.0227750451889561,0,0,True
