gene,betahat_d0,betahat_d1,betahat_d2,betahat_d3,se_d0,se_d1,se_d2,se_d3,postmean_d0,postsd_d0,lfsr_d0,postmean_d1,postsd_d1,lfsr_d1,postmean_d2,postsd_d2,lfsr_d2,postmean_d3,postsd_d3,lfsr_d3,lfsr_min,best_day
GeneA,0.0059936754,0.016651139,0.06973662,-0.07192091,0.15572214,0.2518831,0.34437087,0.49663058,0,0,1,0,0,1,0,0,1,0,0,1,1,0
GeneB,0.15750986,0.10124536,-0.004275428,-0.14589451,0.19363989,0.26604906,0.35143062,0.48029462,0,0,1,0,0,1,0,0,1,0,0,1,1,0
GeneC,-0.13767108,-0.37756282,-0.37556583,-0.34566244,0.18777458,0.27523002,0.33158615,0.40786484,0,0,1,0,0,1,0,0,1,0,0,1,1,0
