s_time,s_guide,seed,rmse,corr,sign_acc
1.0,1.0,0,0.2202825667052081,0.8221243668918004,0.8666666666666667
1.0,1.0,1,0.22937874809399975,0.8018624052260943,0.8333333333333334
1.0,0.5,0,0.22023242256292003,0.8221544955121352,0.8666666666666667
1.0,0.5,1,0.2293605063159924,0.8018795771231385,0.8333333333333334
0.5,1.0,0,0.2203614020746792,0.8220699251835072,0.8666666666666667
0.5,1.0,1,0.22936003781636138,0.8019391653338175,0.8333333333333334
0.5,0.5,0,0.2203095386315171,0.8221021042683015,0.8666666666666667
0.5,0.5,1,0.22933944474911883,0.801959296907972,0.8333333333333334
